RMSE,R2,Final_Train_Loss,Final_Val_Loss
0.8579017364128845,0.9991508257054218,0.0033696889877319336,0.003059705486521125
